,Company Name (legal entity),City,Address,Official company website,What the business does,Who its customers are
,SALDANHA REAL ESTATE PRIVATE LIMITED,Mumbai,"SALCETTE CATHOLIC CHS, FLAT NO.1, PLOT NO.29, 56, HILL ROAD, OPP. BATA SHOE SHOP, BAND,RA (WEST),MUMBAI,Mumbai City,Maharashtra,400050-India",,"Saldanha Real Estate provides property management and brokerage services, specializing in residential and vacation home sales in coastal regions.",Customers include residential buyers and vacation home purchasers in coastal regions.
,NTH VENTURE PRIVATE LIMITED,Mumbai,"801/802, Tulsani Chambers, 8 th Floor, Free Press Journal Marg, Nariman Point,, Mumbai,Mumbai,Mumbai City,Maharashtra,400021-India",,"Pice is a digital platform that offers GST‑related services such as GST number search, GST payments, automated payment reminders, invoice sharing, and a suite of financial calculators for businesses.","Trusted by over 100,000 SMEs for all business needs, providing GST and financial tools to small and medium enterprises."
,BLUE GARDEN ESTATES PRIVATE LIMITED,Mumbai,"OFFICE NO. 09, FIRST FLOOR, HARMONY MALL NEAR GOREGAON BUS DEPOT, GOREGAON LINK R,OAD,MUMBAI,Mumbai City,Maharashtra,400104-India",,Blue Garden Estates Private Limited is a real‑estate company engaged in property development and rental services.,"Likely serves property buyers, tenants, and investors in the Mumbai region."
,ART ESTATES PRIVATE LIMITED,Pune,"OFFICE NO10 AGARKAR BHAVANLBS ROAD,PUNE,Pune,Maharashtra,411030-India",,"ART ESTATES PRIVATE LIMITED specializes in developing, constructing, and managing residential and commercial real estate projects, offering comprehensive property solutions and general construction services.","Likely serves residential and commercial property buyers, developers, and corporate tenants in the real estate and construction sectors."
,ARTARNA MULTI TRADING PRIVATE LIMITED,Mumbai,"OFFICE NO E-403,4TH FLOOR,MAHALAXMI SRA CHS LTD PANDURANG BUDHKAR MARG,WORLI,Maharashtra,400030-India",,"ARTARNA MULTI TRADING PRIVATE LIMITED is a private company engaged in legal services, including activities such as those rendered by advocates, barristers, solicitors, pleaders, and mukhtiars.",Likely serves individuals and businesses seeking legal representation and counsel.
,WALNUT CONSULTANCY SERVICES PRIVATE LIMITED,Mumbai,"503, Avior, Nirmal Galaxy,Opp Johnson & Johnson, LBS Marg, Mulund West,,MUMBAI,Mumbai City,Maharashtra,400080-India",http://www.walnutcs.com/,"Walnut Consultancy Services Pvt Ltd is a leading consultancy firm that provides comprehensive solutions to business challenges, offering services such as CFO services, manpower solutions, registered valuer services, debt & equity financing, and management consultancy.","Businesses of all sizes—from startups to large multinational corporations—across industries including technology, healthcare, finance, and manufacturing."
,WARP & WEFT ENTERPRISES PRIVATE LIMITED,Mumbai,"Unit No. 1103, Hubtown Viva, Off Western Express Highway, Andheri Eas,t.,MUMBAI,Mumbai City,Maharashtra,400060-India",,"WARP & WEFT ENTERPRISES PRIVATE LIMITED is a private company engaged in business services, as indicated by its principal activity classification under NIC code 74.","Likely serves other businesses and organizations that require business services such as consulting, administrative support, or related professional services."
,ATULYA VENTURES PRIVATE LIMITED,Mumbai,"322, FLOOR-3, PRABHADEVI INDUSTRIAL ESTATE VEERSAVARKAR MARG, PRABHADEVI,MUMBAI,Mumbai City,Maharashtra,400025-India",,"Atulya Ventures Pvt Ltd is a rural development company that offers a model called AURUM to connect rural entrepreneurs with urban investors, providing financial products and services to underserved retail customers and acting as a business model provider across sectors such as financial services, entertainment, e‑governance, travel, and utility bills.","The company serves unserved and underserved rural retail customers, rural entrepreneurs who act as distribution channels, and urban investors who invest in the captured market."
,JAGMA SYSTEM AND SOLUTIONS PRIVATE LIMITED,Mumbai,"FLAT NO. B-303, ZION HERALD A, RAMESHWAR NAGAR, PIPE LINE ROAD, ANANDVALI,,NASHIK,Nashik,Maharashtra,422013-India",,,
,SCOTBAY ENTERPRISES PRIVATE LIMITED,Mumbai,"404/405 A Wing, Building No.23, Samarth Angan III Off K L Walawalkar Rd Andheri,Mumbai,Mumbai City,Maharashtra,400053-India",,"Scotbay Enterprises Private Limited provides legal services, including those rendered by advocates, barristers, solicitors, pleaders, and mukhtiars.","Likely serves individuals, businesses, and organizations requiring legal representation and counsel."
,TRY ACE PRIVATE LIMITED,Mumbai,"B/305, YAMUNA TOWER, JANGID COMPLEX OPP JAMMU KASHMIR BANK, MTNL ROAD, MIRA,ROAD EAST,THANE,Mumbai City,Maharashtra,401107-India",,"Try Ace Private Limited offers professional services in Thane, Maharashtra, India, specializing in accounting, legal, and tax consulting.","Likely serves small to medium enterprises, startups, and individuals seeking accounting, legal, and tax advisory services."
,CAPRICH CONSULTANCY PRIVATE LIMITED,Mumbai,"Shop No.8, 6829,First Floor, Ashok Plaza Opp. Majestic Theater, M G Road,JALNA,Jalna,Maharashtra,431203-India",,"CAPRICH CONSULTANCY PRIVATE LIMITED is a legal services firm that provides legal assistance and representation, including services rendered by advocates, barristers, solicitors, pleaders, and mukhtiars.","Likely serves businesses, corporations, and individuals requiring legal services such as advocacy, litigation support, and corporate legal counsel."
,TECHVIVE SOLUTIONS PRIVATE LIMITED,Mumbai,"Shop no- 01, Ridhi Siddhi Complex, Ridhi BLDG No-1, Nr. Ration SHO,,Vasai Road,Thane,Maharashtra,401208-India",,,
,SHIMSHON ADVISORY PRIVATE LIMITED,Mumbai,"601, Gayatri CHS LTD. Jayraj Nagar, Vazira Naka, Borivali West,Mumbai,Mumbai City,Maharashtra,400092-India",,,
,DSPS TECH PLATFORM PRIVATE LIMITED,Mumbai,"1201-1202, 12th Floor, Wing A, One BKC, G Block Plot No. 66, Bandra Kurla Complex, Bandr,a (East),Mumbai,Mumbai City,Maharashtra,400051-India",,DSPS TECH PLATFORM PRIVATE LIMITED is a private company incorporated in Mumbai that provides legal services.,Likely serves individuals and businesses seeking legal services.
,NIVEZA INDIA PRIVATE LIMITED,Pune,"Teerth Technospace Office Teerth2work No. B 104,First Floor Sr. No. 103,,Haveli,Pune,Maharashtra,411045-India",,"Niveza is a fintech company based in Pune that offers research, advisory, and financial technology services, including stock picks and investment recommendations, backed by a money‑back guarantee.",Likely serves individual retail investors and institutional investors seeking high‑performing stock picks and investment advisory services in India.
,NILESH GAIKWAD GROUP PRIVATE LIMITED,Pune,"9 SADASHIV PETH 10/11 KELGA SALES SHASTRI,PUNE,Pune,Maharashtra,411030-India",https://captainnileshholidays.com,"Captain Nilesh Holidays is a travel agency based in Pune that offers domestic and international tour packages, providing personalized travel planning and booking services. The company emphasizes ethical and sustainable travel practices, transparent pricing, and safety to create memorable journeys for its clients.","Customers include individual travelers, families, and groups of friends seeking domestic and international tour packages and customized travel experiences."
,MEGASTEPS INFRAPOWER & MULTITRADING PRIVATE LIMITED,Pune,"OFFICE NO. 1, SN. 57/3, MAYURA VIHAR BLG-Q KOTHRUD,PUNE,Pune,Maharashtra,411029-India",,"MEGASTEPS INFRAPOWER & MULTITRADING PRIVATE LIMITED provides legal services, including those rendered by advocates, barristers, solicitors, pleaders, and mukhtiars.","Likely served industries include individuals, businesses, and corporate entities requiring legal services."
,AMFLOW EXIM PRIVATE LIMITED,Pune,"Icon Tower Plot No.B of 702, Sr No. 114/5/1 114/6/3115/1/1115/2, Baner Road, Oppos,ite KFC,Pune,Pune,Maharashtra,411045-India",,"Amflow Exim Private Limited provides professional services in Pune, Maharashtra, India.","Likely serves businesses and individuals requiring professional services such as accounting, legal, and tax consulting in the Pune region."
,PROPHANDY TECHNOLOGIES PRIVATE LIMITED,Pune,"Fiesta flat no B 802 Sr no. 35/2/1/2 Nr Roharsh Motors Baner,PUNE,Pune,Maharashtra,411045-India",,"Prophandy Technologies Private Limited provides a range of maintenance and improvement services, including solar panel installation and maintenance, civil works, water tank cleaning, roof waterproofing, pest control, fabrication, housekeeping, and CCTV installation for residential, commercial, and industrial spaces.","The company serves residential, commercial, and industrial establishments, having worked with over 100 large customers such as Rohan Madhuban Society, Balmoral Society, Epsom Society, and other residential societies."
,NARICHANIA CONSULTANCY AND AGENCY PVT LTD,Mumbai,"59 LAXMI INSURANCE BLDGSIR P M ROAD FORT,MUMBAI,Maharashtra,400001-India",,NARICHANIA & NARICHANIA is a maritime law firm that provides legal services related to shipping and maritime matters.,"Likely serves shipping companies, maritime insurers, port authorities, and other stakeholders in the maritime industry."
,OM ELECTROTECH SOLUTIONS PRIVATE LIMITED,Pune,"PLOT NO 32 SHRI TULJAI MSEBHOUSING SOC NEAR H T LINE VISHRAMBAG,SANGLI,Maharashtra,416415-India",,,
,RAHUL PHOTOGRAPHIC COMPANY PRIVATE LIMITED,Mumbai,"206, 2ND FLOOR, INSPIRE HUB, ADANI WESTERN HEIGHT FOUR BGLWS, ANDHERI WEST,MUMBAI,Mumbai City,Maharashtra,400058-India",,The company is listed as a chemical manufacturing firm.,"Likely serves industries that require chemical products, such as manufacturing, pharmaceuticals, and agriculture."
,VIDHYA ACCOUNTS CONSULTANTS PRIVATE LIMITED,Mumbai,"B-22 ROHINI SEC-VSRISHTI RESIDENTIAL COMPLEX MIRA ROAD E,DIST-THANE,Maharashtra,401107-India",,"Vidhya Accounts Consultants Private Limited is a business services company registered in Maharashtra, India.",Likely serves other businesses and organizations in Maharashtra requiring corporate services.
,RB DIVERSIFIED PRIVATE LIMITED,Mumbai,"301/401, Aquamarine , Plot number 273 -B Carter Road Bandra West,Mumbai,Bandra Suburban,Maharashtra,400050-India",,"RB Diversified Private Limited is a financial services company based in Mumbai, Maharashtra, India, operating in the brokerage and trading services sector.","Likely serves individual investors, corporate clients, and financial institutions seeking brokerage and trading services."
,VIVA FACILITY SERVICES PRIVATE LIMITED,Mumbai,"SHOP NO 80, KAWALI COMPOUND, N.M. JOSHI MARG OPP RAILWAY WORKSHOP, LOWER PAREL,,MUMBAI,Maharashtra,400013-India",,Viva Facility Services Private Limited is a private unlisted company operating in the business services sector.,Likely serves corporate clients across various industries.
,MANGALAM AUTOBUILD PRIVATE LIMITED,Mumbai,"28 & 30, TORNA, OPPOSITE LIFE STYLE CLUB JYOTI NAGAR,AURANGABAD,Maharashtra,431005-India",,,
,TOPSPIRE ANALYTICAL SERVICES PRIVATE LIMITED,Mumbai,"101, BLDG. NO.3, SIDDHI CO OP HSG SOC. LTD. KAVESAR, OPP VIJAY GARDEN, G.B. ROAD THA,NE (W),THANE,Maharashtra,400615-India",,"Topspire Analytical Services Private Limited is an accounting and bookkeeping firm based in Mumbai, India.","Likely serves small and medium enterprises, startups, and individual professionals requiring accounting and bookkeeping services."
,KKJ FINANCIAL SERVICES PRIVATE LIMITED,Mumbai,"52 Jalan House,5th Floor, Walkeshwar Road,Mumbai,Maharashtra,400006-India",https://kkjsec.com/,"KKJ Securities is a leading broking house that offers brokerage, trading, arbitrage, and investment solutions across the NSE, BSE, and other markets, providing comprehensive services to help clients achieve their financial goals.","Clients and investors, including retail and institutional investors who trade on the NSE and BSE."
,FINCOMM SOLUTIONS PRIVATE LIMITED,Mumbai,"517, THE SUMMIT BUSINESS PARK, M V ROAD,OFF GUNDAVLI VILLAGE, OPP PVR CINEMA, ANDHERI EAST, MUMBAI,Mumbai,Mumbai,Maharashtra,400093-India",,FINCOMM SOLUTIONS PRIVATE LIMITED is a private limited company registered in Mumbai that provides services.,Likely serves businesses and organizations in Mumbai and surrounding regions requiring service solutions.
,MANAK BANGLES PRIVATE LIMITED,Mumbai,"GALA NO. 4, BLDG. NO. 4, PIRAMAL INDUSTRIAL ESTATE S. V. ROAD, GOREGAON (WEST),MUMBAI,Maharashtra,400062-India",,,"Likely serves jewelry retailers, wholesalers, and consumers in the fashion accessories market."
,LIBRA DECOR PRIVATE LIMITED,Mumbai,"2F ,Floor-2,Plot -15A,35,Court Chambers,Vitthaldas Thackersey Marg,New Marine Lines,Churchg,ate,,Mumbai,Mumbai City,Maharashtra,400020-India",,Libra Decor Private Limited is a private company registered in Maharashtra that provides business services.,"Likely serves other businesses needing business services, such as consulting or administrative support."
,FOXYMORON MEDIA SOLUTIONS PRIVATE LIMITED,Mumbai,"Building G & D-1, Paragon Condominium,Pandurang Budhkar Marg, Worli,,Mumbai,Mumbai,Maharashtra,400013-India",,,
,IDEAL MOCKUPS PRIVATE LIMITED,Mumbai,"F-9/24 MIDC HINGNA INDUSTRIAL AREA,Nagpur,Nagpur,Maharashtra,440016-India",https://idealmockups.com/,"Ideal Mockups provides prototype and high‑quality mockup services, converting digital models into physical mockups for consumer products across various industries.","Leading design firms in industries such as industrial automobiles, home appliances, and medical."
,H.JASVANTRAI ENGINEERING PRIVATE LIMITED,Mumbai,"301, SAPHHIRE PLAZA, PLOT NO.20, DADABHAI ROAD, OPP. GOKALIBHAI SCHOOL, VILE PARLE-WEST,MUMBAI,Mumbai City,Maharashtra,400056-India",https://hjengineering.codehubtechnologies.com/,"H Jasvantrai Engineering Pvt. Ltd. is an engineering and construction contractor that delivers public health engineering, fire protection, fire alarm, public address, sewage treatment, hot water solar, swimming pool filtration, compressed air & steam piping, operations & maintenance, and allied civil works.","Clients include hospitals, schools, hotels, and real estate developers across India."
,BIG BUSINESS ADVISORS PRIVATE LIMITED,Mumbai,"B 305, SAGAR NAGAR, AMBA MATA ROAD AT AND POST PALGHAR,PALGHAR,Maharashtra,401404-India",,,
,KIRAN DRUG HOUSE PRIVATE LIMITED,Mumbai,"SHOP NO. 9, KRISHNARAJ HOUSING SOCIETY GOLEY COLONY,NASHIK,Maharashtra,422002-India",,,"Likely serves pharmacies, hospitals, and other healthcare providers that purchase pharmaceutical products."
,OAK SUPPORT SERVICES PRIVATE LIMITED,Mumbai,"318, VAISHALI APARTMENTS, 12/14 PAREKH STREET, BEHIND GIRGAON COURT, PRARTHANA SAMAJ,MUMBAI,Mumbai City,Maharashtra,400004-India",,"Oak Support Services Private Limited operates in the business services sector, offering support services to organizations.","Likely serves businesses and organizations that require business support services, such as administrative, consulting, or operational assistance."
,HUNGAMA DIGITAL SERVICES PRIVATE LIMITED,Mumbai,"6th Floor, Wing A, The ORB Sahar, Village Marol, Andheri (East),Mumbai,Mumbai City,Maharashtra,400099-India",,"A full‑service digital advertising and marketing agency that offers end‑to‑end solutions in creative communication, social media management, and experiential marketing to help brands enhance their online presence and consumer engagement.",Brands that want to strengthen their digital presence and consumer engagement.
,RUSTY TRIANGLE FILMS PRIVATE LIMITED,Mumbai,"1301, PALM SPRING COMPLEX, 2/D WING CHS LTD, LINK ROAD, NEAR D-MART, BEHIND CROMA.,MUMBAI,Mumbai City,Maharashtra,400064-India",,,
,NATIONAL SECURITIES DEPOSITORY LIMITED,Mumbai,"301, 3rd Floor, Naman Chambers, G Block, Plot No- C-32, Bandra Kurla Complex, Bandra East,Mumbai,Mumbai,Maharashtra,400051-India",https://nsdl.co.in/,"National Securities Depository Limited (NSDL) is India's leading securities depository that provides dematerialization services, enabling investors to hold and trade securities electronically through demat accounts. It offers a range of services including mutual fund dematerialization, corporate action processing, and support for depository participants, issuers, and custodians.","Customers include individual investors, mutual fund companies, stock brokers, issuers, custodians, foreign portfolio investors, and other depository participants."
,OM SHRI SAI CRANES (INDIA) PRIVATE LIMITED,Mumbai,"A-2001, BIMA COMPLEX, KALAMBOLI STREET MARKET, KALAMBOLI,NAVI MUMBAI,Maharashtra,410218-India",https://www.omsaicrane.com/,"Om Shri Sai Cranes India Pvt. Ltd. is a service provider offering crane rental services—including telescopic, truck‑mounted, boom, railway underpass, and crawler cranes—as well as erection services for chimneys and heavy equipment.","Likely serves construction, infrastructure, industrial, and manufacturing sectors across India that require crane rental and erection services."
,AMIT CHOCO INDUSTRIES PRIVATE LIMITED,Mumbai,"125, SHREE GANESH SNEHAL APTS FLAY NO. 203, SHRADDANAD PETH SOUTH AMBA,ZARI ROAD,NAGPUR,Maharashtra,440022-India",,,
,ROCKSTARZ FILMS PRIVATE LIMITED,Mumbai,"61, 2ND FLOOR, JUHU SUPREME SHOPPING CENTRE, GULMOHAR X ROAD NO. 9, J.V.P.D., JUHU,,MUMBAI,Mumbai City,Maharashtra,400049-India",,"ROCKSTARZ FILMS PRIVATE LIMITED is a private limited company engaged in accounting, bookkeeping, auditing, and tax consultancy services, as well as related management consulting activities such as design of accounting systems, cost accounting programmes, and budgetary control procedures.","Likely serves small and medium enterprises, corporates, and individuals requiring accounting, bookkeeping, auditing, tax consultancy, and management consulting services."
,SMITIN MARKETING PRIVATE LIMITED,Mumbai,"4 Adityaman C.H.S., Mahavir road, Kanti Nagar, Andheri East,,Mumbai,Maharashtra,400059-India",,,
,GALAXY INFONET PRIVATE LIMITED,Mumbai,"Room No.3, Ahire Chawl Ambedkar Nagar, P.L.Lokhande Marg, Chemb,ur,Mumbai,Mumbai City,Maharashtra,400089-India",,,
,RUSHI HOSPITALITY SERVICES PRIVATE LIMITED,Mumbai,"103,1ST FLOOR, RONIT ARCADE,OPP.TELEPHONE EXCHANGE POISAR, S.V.ROAD, KANDIVALI (W),,MUMBAI,Maharashtra,400057-India",,,
,OXIONA ENERGY SOLUTIONS (INDIA) PRIVATE LIMITED,Mumbai,"Building No.- 09, Flat No.- 15, SACHIN CHS, MITHAGAR ROAD MULUND (EAST),MUMBAI,Maharashtra,400081-India",,,
,SAI NET SERVICES PRIVATE LIMITED,Mumbai,"27-28, UPPER FLOOR, BARNAD MARKET, LINK ROAD OPP ASHA KRISHNA BLDG, SAKINAKA,MUMBAI,Maharashtra,400072-India",http://user.sainetservices.co.in/,,
,BLOND DESIGN PRIVATE LIMITED,Mumbai,"Kitab Mahal, 3rd Floor, Plot No-192 Dadabhai Naoroji Road, Azad Maidan, Fort,Mumbai,Mumbai City,Maharashtra,400001-India",,,
