,Company Name (legal entity),City,Address,Status,Found URLs
,SALDANHA REAL ESTATE PRIVATE LIMITED,Mumbai,"SALCETTE CATHOLIC CHS, FLAT NO.1, PLOT NO.29, 56, HILL ROAD, OPP. BATA SHOE SHOP, BAND,RA (WEST),MUMBAI,Mumbai City,Maharashtra,400050-India",NOT_FOUND,https://www.thecompanycheck.com/company/saldanha-real-estate-private-limited/U70102MH2015PTC265382; https://www.tofler.in/saldanha-real-estate-private-limited/company/U70102MH2015PTC265382; https://www.masterdata.in/company/saldanha_real_estate_private_limited/U70102MH2015PTC265382; https://tracxn.com/d/legal-entities/india/saldanha-real-estate-private-limited/__onJvpEp0UAAYL9bP3l9z8QcQsTy6gkovH9iyTBY3enM; https://www.sensibook.com/companies/1145159/U70102MH2015PTC265382/SALDANHA-REAL-ESTATE-PRIVATE-LIMITED
,NTH VENTURE PRIVATE LIMITED,Mumbai,"801/802, Tulsani Chambers, 8 th Floor, Free Press Journal Marg, Nariman Point,, Mumbai,Mumbai,Mumbai City,Maharashtra,400021-India",NOT_FOUND,https://zauba.company/company/nth_venture_private_limited/U70102MH2015PTC270072; https://www.thecompanycheck.com/company/nth-venture-private-limited/U70102MH2015PTC270072; https://3ci.in/8-company/1509525-nth-venture-private-limited-u70102mh2015ptc270072; https://www.addressadda.com/company/maharashtra/nth-venture-private-limited-U70102MH2015PTC270072; https://piceapp.com/gst-number-search/nth-venture-private-limited-27aafcn0988c1zf/
,BLUE GARDEN ESTATES PRIVATE LIMITED,Mumbai,"OFFICE NO. 09, FIRST FLOOR, HARMONY MALL NEAR GOREGAON BUS DEPOT, GOREGAON LINK R,OAD,MUMBAI,Mumbai City,Maharashtra,400104-India",NOT_FOUND,https://www.sensibook.com/companies/1148276/U70102MH2016PTC274702/BLUE-GARDEN-ESTATES-PRIVATE-LIMITED; https://www.addressadda.com/company/maharashtra/blue-garden-estates-private-limited-U70102MH2016PTC274702.php; https://www.thecompanycheck.com/charges/blue-garden-estates/U70102MH2016PTC274702; https://www.squareyards.com/mumbai-residential-property/blue-gardenia/103578/project; https://www.nobroker.in/blue-gardenia-tardeo_mumbai-prjt-63a95b657ec55900016a8d34
,ART ESTATES PRIVATE LIMITED,Pune,"OFFICE NO10 AGARKAR BHAVANLBS ROAD,PUNE,Pune,Maharashtra,411030-India",NOT_FOUND,https://qorpiq.com/company/art-estates-private-limited/U70102PN2000PTC014558; https://www.sensibook.com/companies/1148279/U70102PN2000PTC014558/ART-ESTATES-PRIVATE-LIMITED; https://www.artestates.co/; http://www.datalog.co.uk/browse/detail.php/CompanyNumber/INU70102014558/ART+ESTATES+PRIVATE+LIMITED; https://mycorporateinfo.com/business/art-estates-private-limited
,ARTARNA MULTI TRADING PRIVATE LIMITED,Mumbai,"OFFICE NO E-403,4TH FLOOR,MAHALAXMI SRA CHS LTD PANDURANG BUDHKAR MARG,WORLI,Maharashtra,400030-India",NOT_FOUND,https://zauba.company/company/artarna_multi_trading_private_limited/U74110MH2011PTC215153; https://www.thecompanycheck.com/company/artarna-multi-trading-private-limited/U74110MH2011PTC215153; https://www.masterdata.in/company/artarna_multi_trading_private_limited/U74110MH2011PTC215153; https://qorpiq.com/company/artarna-multi-trading-private-limited/U74110MH2011PTC215153; https://corpintel.io/ARTARNA-MULTI-TRADING-PRIVATE-LIMITED-U74110MH2011PTC215153
,WALNUT CONSULTANCY SERVICES PRIVATE LIMITED,Mumbai,"503, Avior, Nirmal Galaxy,Opp Johnson & Johnson, LBS Marg, Mulund West,,MUMBAI,Mumbai City,Maharashtra,400080-India",FOUND,http://www.walnutcs.com/; https://qorpiq.com/company/walnut-consultancy-services-private-limited/U74110MH2011PTC224131; https://tracxn.com/d/legal-entities/india/walnut-consultancy-services-private-limited/__OwPTjmTAgi10T4B6aNFkq4kqOHLKDJ_wgQjhS_MPEek; https://find-and-update.company-information.service.gov.uk/company/06734179
,WARP & WEFT ENTERPRISES PRIVATE LIMITED,Mumbai,"Unit No. 1103, Hubtown Viva, Off Western Express Highway, Andheri Eas,t.,MUMBAI,Mumbai City,Maharashtra,400060-India",NOT_FOUND,https://www.thecompanycheck.com/company/warp-weft-enterprises-private-limited/U74110MH2013PTC242166; https://www.tofler.in/warp-and-weft-enterprises-private-limited/company/U74999MH2013PTC242166; https://mycorporateinfo.com/business/warp--weft-enterprises-private-limited; https://qorpiq.com/company/warp-weft-enterprises-private-limited/U74110MH2013PTC242166; https://www.quickcompany.in/company/warp-weft-enterprises-private-limited
,ATULYA VENTURES PRIVATE LIMITED,Mumbai,"322, FLOOR-3, PRABHADEVI INDUSTRIAL ESTATE VEERSAVARKAR MARG, PRABHADEVI,MUMBAI,Mumbai City,Maharashtra,400025-India",NOT_FOUND,https://in.linkedin.com/company/atulya-ventures; https://www.quickcompany.in/trademarks/3040450-m-s-atulya-ventures-private-limited; https://linkedin.com/in/nilesh-kerkar-204a5960; https://linkedin.com/; https://linkedin.com/about; https://linkedin.com/contact; https://linkedin.com/about-us; https://linkedin.com/about/; https://linkedin.com/contact-us; https://linkedin.com/contact/; https://housing.com/about; https://atulventures.com/
,JAGMA SYSTEM AND SOLUTIONS PRIVATE LIMITED,Mumbai,"FLAT NO. B-303, ZION HERALD A, RAMESHWAR NAGAR, PIPE LINE ROAD, ANANDVALI,,NASHIK,Nashik,Maharashtra,422013-India",NOT_FOUND,https://gstpan.com/gst/27AADCJ9517H1ZC-jagma-system-and-solutions-private-limited; https://www.jagmaconsulting.com/; https://jasma.com/; https://www.jagsoftware.in/; https://in.linkedin.com/
,SCOTBAY ENTERPRISES PRIVATE LIMITED,Mumbai,"404/405 A Wing, Building No.23, Samarth Angan III Off K L Walawalkar Rd Andheri,Mumbai,Mumbai City,Maharashtra,400053-India",NOT_FOUND,https://www.infoqik.com/company/u74110mh2017ptc296777/scotbay-enterprises-private-limited.html; https://gstpan.com/pan/AAYCS8826M; https://www.indiamart.com/s-benterprisesmaharashtra/profile.html; https://www.scottenterprises.us/
,TRY ACE PRIVATE LIMITED,Mumbai,"B/305, YAMUNA TOWER, JANGID COMPLEX OPP JAMMU KASHMIR BANK, MTNL ROAD, MIRA,ROAD EAST,THANE,Mumbai City,Maharashtra,401107-India",NOT_FOUND,https://www.thecompanycheck.com/company/try-ace-private-limited/U74110MH2019PTC323527; https://app.tryace.dev/; https://indiabiz.info/; https://www.quickcompany.in/company/tri-ace-solutions-services-private-limited
,CAPRICH CONSULTANCY PRIVATE LIMITED,Mumbai,"Shop No.8, 6829,First Floor, Ashok Plaza Opp. Majestic Theater, M G Road,JALNA,Jalna,Maharashtra,431203-India",NOT_FOUND,https://tracxn.com/d/legal-entities/india/caprich-consultancy-private-limited/__DFHkM26744Ys2fKaHzxyI3wLhkIPPfGq-D9iqXqPlns; https://leadgenerationcompanies.in/business/caprich-consultancy-private-limited/; https://www.linkedin.com/posts/samadhan-bebale_caprich-officeblessings-satyanarayanpuja-activity-7106949798859059200-UiZO; https://in.linkedin.com/; https://www.quickcompany.in/directors/09509220-balaso-bhanudas-patil
,TECHVIVE SOLUTIONS PRIVATE LIMITED,Mumbai,"Shop no- 01, Ridhi Siddhi Complex, Ridhi BLDG No-1, Nr. Ration SHO,,Vasai Road,Thane,Maharashtra,401208-India",NOT_FOUND,https://linkedin.com/in/seema-chandanshive-3b3bab187; https://linkedin.com/; https://linkedin.com/about; https://linkedin.com/contact; https://linkedin.com/about-us; https://linkedin.com/about/; https://linkedin.com/contact-us; https://linkedin.com/contact/; https://technovive.in/; https://allindiaitr.com/; https://www.techvizo.com/; https://www.thecompanycheck.com/company/sivive-enterprise-solutions-private-limited/U72900MH2019PTC334915
,SHIMSHON ADVISORY PRIVATE LIMITED,Mumbai,"601, Gayatri CHS LTD. Jayraj Nagar, Vazira Naka, Borivali West,Mumbai,Mumbai City,Maharashtra,400092-India",NOT_FOUND,https://www.thecompanycheck.com/company/shimshon-advisory-private-limited/U74110MH2020PTC348401; https://www.tofler.in/shimshon-advisory-private-limited/company/U74110MH2020PTC348401; https://lei.info/335800M3225UJTBAQ646; https://www.knowyourgst.com/gst-number-search/shimshon-advisory-private-limited-27ABECS7251H1Z5/; https://nclt.gov.in/gen_pdf.php?filepath=%2FEfile_Document%2Fncltdoc%2Fcasedoc%2F0710102024032025%2F04%2FOrder-Challenge%2F04_order-Challange_004_1748583907313074109683945e350b28.pdf
,DSPS TECH PLATFORM PRIVATE LIMITED,Mumbai,"1201-1202, 12th Floor, Wing A, One BKC, G Block Plot No. 66, Bandra Kurla Complex, Bandr,a (East),Mumbai,Mumbai City,Maharashtra,400051-India",NOT_FOUND,https://tracxn.com/d/legal-entities/india/dsps-tech-platform-private-limited/__hMejFpi5qSClAsbLaRWSk3h-2z7TsPp1M8PfARTGt_g; https://zauba.company/company/dsps_tech_platform_private_limited/U74110MH2021PTC373772; https://www.tofler.in/dsps-tech-platform-private-limited/company/U74110MH2021PTC373772; https://linkedin.com/company/investro; https://linkedin.com/; https://linkedin.com/about; https://linkedin.com/contact; https://linkedin.com/about-us; https://linkedin.com/about/; https://linkedin.com/contact-us; https://linkedin.com/contact/; https://www.thecompanycheck.com/people-profile/monish-bhadresh-shah/associated-company-shares/03412141
,NIVEZA INDIA PRIVATE LIMITED,Pune,"Teerth Technospace Office Teerth2work No. B 104,First Floor Sr. No. 103,,Haveli,Pune,Maharashtra,411045-India",NOT_FOUND,https://niveza.in/; https://niveza.in/about; https://niveza.in/contact; https://niveza.in/about-us; https://niveza.in/about/; https://niveza.in/contact-us; https://niveza.in/contact/; https://inc42.com/company/niveza/; https://www.indiafilings.com/search/niveza-india-private-limited-cin-U74999PN2012PTC144725; https://www.zipleaf.in/Companies/Niveza-India-Pvt-Ltd; https://www.thecompanycheck.com/company/niveza-india-private-limited/U74110PN2012PTC144725
,NILESH GAIKWAD GROUP PRIVATE LIMITED,Pune,"9 SADASHIV PETH 10/11 KELGA SALES SHASTRI,PUNE,Pune,Maharashtra,411030-India",FOUND,https://captainnileshholidays.com/about-us; https://mycorporateinfo.com/business/nilesh-gaikwad-group-private-limited; https://economictimes.indiatimes.com/company/nilesh-gaikwad-group-private-limited/U74110PN2013PTC147693; https://tracxn.com/d/legal-entities/india/nilesh-gaikwad-group-private-limited/__iJH1pg5A3Zx_Kzi-kcV4FITA_FS1CML9C-A0Ho7MIOo; https://gstpan.com/gst/27AAECN3691H1Z8-nilesh-gaikwad-group-private-limited
,MEGASTEPS INFRAPOWER & MULTITRADING PRIVATE LIMITED,Pune,"OFFICE NO. 1, SN. 57/3, MAYURA VIHAR BLG-Q KOTHRUD,PUNE,Pune,Maharashtra,411029-India",NOT_FOUND,https://www.thecompanycheck.com/company/megasteps-infrapower-multitrading-private-limited/U74110PN2016PTC165386; https://www.falconebiz.com/company/MEGASTEPS-INFRAPOWER-MULTITRADING-PRIVATE-LIMITED-U74110PN2016PTC165386; https://www.masterdata.in/director/rahul_balwant_telure/09840047
,AMFLOW EXIM PRIVATE LIMITED,Pune,"Icon Tower Plot No.B of 702, Sr No. 114/5/1 114/6/3115/1/1115/2, Baner Road, Oppos,ite KFC,Pune,Pune,Maharashtra,411045-India",NOT_FOUND,https://www.thecompanycheck.com/company/amflow-exim-private-limited/U74110PN2018PTC175785; https://www.masterdata.in/director/amita_virendra_sonawala/00226073; https://indiabiz.info/; https://eximflow.com/
,PROPHANDY TECHNOLOGIES PRIVATE LIMITED,Pune,"Fiesta flat no B 802 Sr no. 35/2/1/2 Nr Roharsh Motors Baner,PUNE,Pune,Maharashtra,411045-India",NOT_FOUND,https://inspacco.com/; https://mycorporateinfo.com/business/prophandy-technologies-private-limited; https://www.indiamart.com/prophandy-technologies/profile.html; https://inc42.com/company/inspacco/; https://tracxn.com/d/legal-entities/india/prophandy-technologies-private-limited/__2KYjhGU72LWJNOVnq7NVu7IjkHSe6kSnJWqtRFz2J7o
,NARICHANIA CONSULTANCY AND AGENCY PVT LTD,Mumbai,"59 LAXMI INSURANCE BLDGSIR P M ROAD FORT,MUMBAI,Maharashtra,400001-India",NOT_FOUND,https://mycorporateinfo.com/business/narichania-consultancy-and-agency-pvt-ltd; https://indiabiz.info/; https://allpeople.biz/; https://www.insiderbiz.in/director/NAINA-HEMANT-NARICHANIA-02577530; https://www.world-ships.com/company/9cfc7d2073b4148b28a17faa169c2cea
,OM ELECTROTECH SOLUTIONS PRIVATE LIMITED,Pune,"PLOT NO 32 SHRI TULJAI MSEBHOUSING SOC NEAR H T LINE VISHRAMBAG,SANGLI,Maharashtra,416415-India",NOT_FOUND,https://www.indiafilings.com/search/om-electrotech-solutions-private-limited-cin-U74120MH1986PTC039720; https://www.quickcompany.in/company/om-electrotech-solutions-private-limited; https://www.tofler.in/om-electrotech-solutions-private-limited/company/U74120MH1986PTC039720; https://tracxn.com/d/legal-entities/india/om-electrotech-solutions-private-limited/__CMtCh9OEhJ6SazhWSy5XYylVLv8ihmLbh9-YFy-vhjc; https://opencorpdata.com/place/ChIJ____w6XqwjsRN1hUpMprrpI
,RAHUL PHOTOGRAPHIC COMPANY PRIVATE LIMITED,Mumbai,"206, 2ND FLOOR, INSPIRE HUB, ADANI WESTERN HEIGHT FOUR BGLWS, ANDHERI WEST,MUMBAI,Mumbai City,Maharashtra,400058-India",NOT_FOUND,https://in.linkedin.com/company/rahul-photographic-company-pvt-ltd; https://www.indiamart.com/rahul-photographic-co/; https://ximpex.in/; https://excelinfomedia.com/results?p=403
,VIDHYA ACCOUNTS CONSULTANTS PRIVATE LIMITED,Mumbai,"B-22 ROHINI SEC-VSRISHTI RESIDENTIAL COMPLEX MIRA ROAD E,DIST-THANE,Maharashtra,401107-India",NOT_FOUND,https://corpintel.io/VIDHYA-ACCOUNTS-CONSULTANTS-PRIVATE-LIMITED-U74120MH2005PTC150599; https://linkedin.com/in/hardik-koli-87b65620b; https://linkedin.com/; https://linkedin.com/about; https://linkedin.com/contact; https://linkedin.com/about-us; https://linkedin.com/about/; https://linkedin.com/contact-us; https://linkedin.com/contact/; https://vidyaca.com/; https://mycorporateinfo.com/business/vidhya-accounts-consultants-private-limited; https://in.linkedin.com/
,RB DIVERSIFIED PRIVATE LIMITED,Mumbai,"301/401, Aquamarine , Plot number 273 -B Carter Road Bandra West,Mumbai,Bandra Suburban,Maharashtra,400050-India",NOT_FOUND,https://www.thecompanycheck.com/company/rb-diversified-private-limited/U74120MH2006PTC273542; https://zauba.company/company/rb_diversified_private_limited/U74120MH2006PTC273542; https://www.sensibook.com/companies/2261918/U74120MH2006PTC273542/RB-DIVERSIFIED-PRIVATE-LIMITED; https://www.masterdata.in/company/rb_diversified_private_limited/U74120MH2006PTC273542
,VIVA FACILITY SERVICES PRIVATE LIMITED,Mumbai,"SHOP NO 80, KAWALI COMPOUND, N.M. JOSHI MARG OPP RAILWAY WORKSHOP, LOWER PAREL,,MUMBAI,Maharashtra,400013-India",NOT_FOUND,https://economictimes.indiatimes.com/company/viva-facility-services-private-limited/U74120MH2010PTC205449; https://www.vivagroup.co.in/about-us.php; https://www.exportersindia.com/viva-facility-services/; https://piceapp.com/gst-number-search/viva-facility-services-private-limited-27aadcv3396g1z1/; https://www.sulekha.com/viva-facility-services-pvt-ltd-lower-parel-mumbai-contact-address
,MANGALAM AUTOBUILD PRIVATE LIMITED,Mumbai,"28 & 30, TORNA, OPPOSITE LIFE STYLE CLUB JYOTI NAGAR,AURANGABAD,Maharashtra,431005-India",NOT_FOUND,https://mycorporateinfo.com/business/mangalam-autobuild-private-limited; https://www.quickcompany.in/company/mangalam-autobuild-private-limited; https://www.masterdata.in/director/sharad_haribhau_mulay/00637596; https://zauba.company/director/pratap_sharad_mulay/00401572; https://linkedin.com/company/mangalam-autobuild-private-limited; https://linkedin.com/; https://linkedin.com/about; https://linkedin.com/contact; https://linkedin.com/about-us; https://linkedin.com/about/; https://linkedin.com/contact-us; https://linkedin.com/contact/
,TOPSPIRE ANALYTICAL SERVICES PRIVATE LIMITED,Mumbai,"101, BLDG. NO.3, SIDDHI CO OP HSG SOC. LTD. KAVESAR, OPP VIJAY GARDEN, G.B. ROAD THA,NE (W),THANE,Maharashtra,400615-India",NOT_FOUND,https://zauba.company/company/topspire_analytical_services_private_limited/U74120MH2010PTC210270; https://www.quickcompany.in/company/media-analytics-designs-private-limited; https://www.infyner.com/company/topspire-analytical-services-private-limited/U74120MH2010PTC210270; https://www.sensibook.com/companies/2492711/U74120MH2010PTC210270/TOPSPIRE-ANALYTICAL-SERVICES-PRIVATE-LIMITED
,KKJ FINANCIAL SERVICES PRIVATE LIMITED,Mumbai,"52 Jalan House,5th Floor, Walkeshwar Road,Mumbai,Maharashtra,400006-India",FOUND,https://kkjsec.com/; https://zauba.company/company/kkj_financial_services_private_limited/U74120MH2010PTC211199; https://www.tofler.in/kkj-financial-services-private-limited/company/U74120MH2010PTC211199; https://www.cdslindia.com/dp/dpdetails.aspx?dp_id=35600
,FINCOMM SOLUTIONS PRIVATE LIMITED,Mumbai,"517, THE SUMMIT BUSINESS PARK, M V ROAD,OFF GUNDAVLI VILLAGE, OPP PVR CINEMA, ANDHERI EAST, MUMBAI,Mumbai,Mumbai,Maharashtra,400093-India",NOT_FOUND,https://www.thecompanycheck.com/company/fincomm-solutions-private-limited/U74120MH2010PTC211383; https://www.quickcompany.in/company/fincomm-solutions-private-limited; https://mycorporateinfo.com/business/fincomm-solutions-private-limited; https://piceapp.com/gst-number-search/fincomm-solutions-private-limited-27aabcf6593r1zr/; https://linkedin.com/in/kavita-soni-9b6767144; https://linkedin.com/; https://linkedin.com/about; https://linkedin.com/contact; https://linkedin.com/about-us; https://linkedin.com/about/; https://linkedin.com/contact-us; https://linkedin.com/contact/
,MANAK BANGLES PRIVATE LIMITED,Mumbai,"GALA NO. 4, BLDG. NO. 4, PIRAMAL INDUSTRIAL ESTATE S. V. ROAD, GOREGAON (WEST),MUMBAI,Maharashtra,400062-India",NOT_FOUND,https://mycorporateinfo.com/business/manak-bangles-private-limited; https://gstpan.com/gst/27AAHCM0080C1ZV-manak-bangles-private-limited; https://www.indiafilings.com/search/ajit-laxmichand-jain-din-02256848; https://piceapp.com/gst-number-search/manak-jewellers-pvt-ltd-27aafcm7597q1zc/; https://tracxn.com/d/legal-entities/india/manak-jewellers-private-limited/__J-Mug5v90xkFpnyYcuKhC83HYJVPFSgl9VCh9A-m0sk
,LIBRA DECOR PRIVATE LIMITED,Mumbai,"2F ,Floor-2,Plot -15A,35,Court Chambers,Vitthaldas Thackersey Marg,New Marine Lines,Churchg,ate,,Mumbai,Mumbai City,Maharashtra,400020-India",NOT_FOUND,https://www.houzz.in/professionals/interior-designers-and-decorators/libra-architects-and-interior-designer-pfvwin-pf~1389100426; https://www.addressadda.com/company/maharashtra/libra-decor-private-limited-U74120MH2011PTC215741.php; https://indiabiz.info/; https://librainteriors.com/
,FOXYMORON MEDIA SOLUTIONS PRIVATE LIMITED,Mumbai,"Building G & D-1, Paragon Condominium,Pandurang Budhkar Marg, Worli,,Mumbai,Mumbai,Maharashtra,400013-India",NOT_FOUND,https://foxymoron.in/; https://zauba.company/company/foxymoron_media_solutions_private_limited/U74120MH2011PTC218414; https://www.sensibook.com/companies/2494797/U74120MH2011PTC218414/FOXYMORON-MEDIA-SOLUTIONS-PRIVATE-LIMITED; https://tracxn.com/d/legal-entities/india/foxymoron-media-solutions-private-limited/__W0O_NgRxNP-AxjFajvdDXqciBO2LL0mZSV1p_gIO0AQ; https://www.zoomedia.in/
,IDEAL MOCKUPS PRIVATE LIMITED,Mumbai,"F-9/24 MIDC HINGNA INDUSTRIAL AREA,Nagpur,Nagpur,Maharashtra,440016-India",FOUND,https://idealmockups.com/; https://in.linkedin.com/company/ideal-mockups-private-limited; https://tracxn.com/d/legal-entities/india/ideal-mockups-private-limited/__nptMARzXDmSh5jptUlo9iAkYoQcFF0UyM_l--go6WMo; https://www.thecompanycheck.com/org/ideal-mockups-private-limited/260ef6f16d; https://mycorporateinfo.com/business/ideal-mockups-private-limited
,H.JASVANTRAI ENGINEERING PRIVATE LIMITED,Mumbai,"301, SAPHHIRE PLAZA, PLOT NO.20, DADABHAI ROAD, OPP. GOKALIBHAI SCHOOL, VILE PARLE-WEST,MUMBAI,Mumbai City,Maharashtra,400056-India",FOUND,https://hjengineering.codehubtechnologies.com/; https://linkedin.com/company/h.jasvantrai-engineering-private-limited; https://linkedin.com/; https://linkedin.com/about; https://linkedin.com/contact; https://linkedin.com/about-us; https://linkedin.com/about/; https://linkedin.com/contact-us; https://linkedin.com/contact/; https://www.thecompanycheck.com/company/hjasvantrai-engineering-private-limited/U74120MH2011PTC219444; https://economictimes.indiatimes.com/company/hjasvantrai-engineering-private-limited/U74120MH2011PTC219444
,BIG BUSINESS ADVISORS PRIVATE LIMITED,Mumbai,"B 305, SAGAR NAGAR, AMBA MATA ROAD AT AND POST PALGHAR,PALGHAR,Maharashtra,401404-India",NOT_FOUND,https://www.indiafilings.com/search/big-business-advisors-private-limited-cin-U74120MH2011PTC220932; https://tracxn.com/d/legal-entities/india/big-business-advisors-private-limited/__p2vxYfyJ6EtFrvbDgPsBMGbfkZxjxxVsClC-qAG4G7o; https://www.tradeindia.com/big-business-advisors-pvt-ltd-9822652/; https://3ci.in/8-company/651441-big-business-advisors-private-limited-u74120mh2011ptc220932
,KIRAN DRUG HOUSE PRIVATE LIMITED,Mumbai,"SHOP NO. 9, KRISHNARAJ HOUSING SOCIETY GOLEY COLONY,NASHIK,Maharashtra,422002-India",NOT_FOUND,https://mycorporateinfo.com/business/kiran-drug-house-private-limited; https://tracxn.com/d/legal-entities/india/kiran-drug-house-private-limited/__SOrDan471rsr7U4fW4efNnUtfs9fkM3U1F4K2EaQmPc; https://o2osell.com/shops/kiran-drug-house; https://www.thecompanycheck.com/org/kiran-pharma/42cf0a2530; https://allpeople.biz/
,OAK SUPPORT SERVICES PRIVATE LIMITED,Mumbai,"318, VAISHALI APARTMENTS, 12/14 PAREKH STREET, BEHIND GIRGAON COURT, PRARTHANA SAMAJ,MUMBAI,Mumbai City,Maharashtra,400004-India",NOT_FOUND,https://www.tofler.in/oak-support-services-private-limited/company/U74120MH2011PTC223362; https://mycorporateinfo.com/business/oak-support-services-private-limited; https://find-your-support.com/o-support/oak-support-services-mumbai.html; https://datocapital.uk/; https://oak-support-limited.ltds.uk/
,HUNGAMA DIGITAL SERVICES PRIVATE LIMITED,Mumbai,"6th Floor, Wing A, The ORB Sahar, Village Marol, Andheri (East),Mumbai,Mumbai City,Maharashtra,400099-India",NOT_FOUND,https://www.sensibook.com/companies/2241434/U74120MH2011PTC224699/HUNGAMA-DIGITAL-SERVICES-PRIVATE-LIMITED; https://www.masterdata.in/company/hungama_digital_services_private_limited/U74120MH2011PTC224699; https://signalhire.com/; https://www.infyner.com/due-diligence/hungama-digital-services-private-limited/U74120MH2011PTC224699
,RUSTY TRIANGLE FILMS PRIVATE LIMITED,Mumbai,"1301, PALM SPRING COMPLEX, 2/D WING CHS LTD, LINK ROAD, NEAR D-MART, BEHIND CROMA.,MUMBAI,Mumbai City,Maharashtra,400064-India",NOT_FOUND,https://mycorporateinfo.com/business/rusty-triangle-films-private-limited; https://linkedin.com/in/aravindan-arumugam-8891645; https://linkedin.com/; https://linkedin.com/about; https://linkedin.com/contact; https://linkedin.com/about-us; https://linkedin.com/about/; https://linkedin.com/contact-us; https://linkedin.com/contact/; https://gstpan.com/gst/27AAGCR5094L1ZS-rusty-triangle-film-private-limited; https://www.thecompanycheck.com/org/triangle-film-company/687a1afc3c; https://trianglefilms.co.in/
,NATIONAL SECURITIES DEPOSITORY LIMITED,Mumbai,"301, 3rd Floor, Naman Chambers, G Block, Plot No- C-32, Bandra Kurla Complex, Bandra East,Mumbai,Mumbai,Maharashtra,400051-India",FOUND,https://nsdl.com/contact-us; https://nsdl.co.in/
,OM SHRI SAI CRANES (INDIA) PRIVATE LIMITED,Mumbai,"A-2001, BIMA COMPLEX, KALAMBOLI STREET MARKET, KALAMBOLI,NAVI MUMBAI,Maharashtra,410218-India",FOUND,https://www.omsaicrane.com/; https://www.thecompanycheck.com/org/om-shri-sai-cranes/d50c07478a; https://tracxn.com/d/legal-entities/india/om-shri-sai-cranes-india-private-limited/__uerDHstj70O5An4kRapEkFlZZjFcgeXWYSGsQCx5mcQ; https://mycorporateinfo.com/business/om-shri-sai-cranes-india-private-limited; https://www.indiamart.com/omshrisaicranes-india/profile.html
,AMIT CHOCO INDUSTRIES PRIVATE LIMITED,Mumbai,"125, SHREE GANESH SNEHAL APTS FLAY NO. 203, SHRADDANAD PETH SOUTH AMBA,ZARI ROAD,NAGPUR,Maharashtra,440022-India",NOT_FOUND,https://mycorporateinfo.com/business/amit-choco-industries-private-limited; https://www.indiamart.com/amit-industriesmumbai/; https://in.linkedin.com/; https://indiabiz.info/
,ROCKSTARZ FILMS PRIVATE LIMITED,Mumbai,"61, 2ND FLOOR, JUHU SUPREME SHOPPING CENTRE, GULMOHAR X ROAD NO. 9, J.V.P.D., JUHU,,MUMBAI,Mumbai City,Maharashtra,400049-India",NOT_FOUND,https://www.tofler.in/rockstarz-films-private-limited/company/U74120MH2012PTC230672; https://tracxn.com/d/legal-entities/india/rockstarz-films-private-limited/__sxxpLOUTJXXNL4ukbh-CquQ-evZeoE0y66hbigGhgEc; https://mycorporateinfo.com/business/rockstarz-films-private-limited; https://linkedin.com/in/sumeet-mhashelkar-269b0a54; https://linkedin.com/; https://linkedin.com/about; https://linkedin.com/contact; https://linkedin.com/about-us; https://linkedin.com/about/; https://linkedin.com/contact-us; https://linkedin.com/contact/
,SMITIN MARKETING PRIVATE LIMITED,Mumbai,"4 Adityaman C.H.S., Mahavir road, Kanti Nagar, Andheri East,,Mumbai,Maharashtra,400059-India",NOT_FOUND,https://mycorporateinfo.com/business/smitin-marketing-private-limited; https://www.indianyellowpages.com/mumbai/smit-marketing-masjid-bunder-mumbai-6959898/; https://www.indiabiz.info/en/smit-marketing_2K; https://linkedin.com/in/smit-parekh-59806b1b4; https://linkedin.com/; https://linkedin.com/about; https://linkedin.com/contact; https://linkedin.com/about-us; https://linkedin.com/about/; https://linkedin.com/contact-us; https://linkedin.com/contact/
,GALAXY INFONET PRIVATE LIMITED,Mumbai,"Room No.3, Ahire Chawl Ambedkar Nagar, P.L.Lokhande Marg, Chemb,ur,Mumbai,Mumbai City,Maharashtra,400089-India",NOT_FOUND,https://www.tofler.in/galaxy-infonet-private-limited/company/U74120MH2012PTC231099; https://mycorporateinfo.com/business/galaxy-infonet-private-limited; https://indiabiz.info/; https://www.instafinancials.com/company/galaxy-infosolutions-private-limited-U72900MH2008PTC181093; https://gstpan.com/gst/27AKCPJ7613A1ZM-galaxy-infotech
,RUSHI HOSPITALITY SERVICES PRIVATE LIMITED,Mumbai,"103,1ST FLOOR, RONIT ARCADE,OPP.TELEPHONE EXCHANGE POISAR, S.V.ROAD, KANDIVALI (W),,MUMBAI,Maharashtra,400057-India",NOT_FOUND,https://qorpiq.com/company/rushi-hospitality-services-private-limited/U74120MH2012PTC231853; https://www.tofler.in/rushi-hospitality-services-private-limited/company/U74120MH2012PTC231853; https://www.quickcompany.in/company/rushi-hospitality-services-private-limited; https://www.sulekha.com/shiva-hospitality-services-pvt-ltd-kandivali-east-mumbai-contact-address
,OXIONA ENERGY SOLUTIONS (INDIA) PRIVATE LIMITED,Mumbai,"Building No.- 09, Flat No.- 15, SACHIN CHS, MITHAGAR ROAD MULUND (EAST),MUMBAI,Maharashtra,400081-India",NOT_FOUND,https://qorpiq.com/company/oxiona-energy-solutions-india-private-limited/U74120MH2012PTC231929; https://in.linkedin.com/; https://www.tofler.in/oxiona-energy-solutions-india-private-limited/company/U74120MH2012PTC231929; https://www.indiamart.com/oxiona-energy-solutions/aboutus.html; https://www.tradeindia.com/oxiona-energy-solutions-india-pvt-ltd-7392776/
,SAI NET SERVICES PRIVATE LIMITED,Mumbai,"27-28, UPPER FLOOR, BARNAD MARKET, LINK ROAD OPP ASHA KRISHNA BLDG, SAKINAKA,MUMBAI,Maharashtra,400072-India",FOUND,https://sainetservices.co.in/; http://user.sainetservices.co.in/; https://mycorporateinfo.com/business/sai-net-services-private-limited; https://piceapp.com/gst-number-search/sai-net-services-27ajepk1821a1zv/; https://www.sulekha.com/sai-net-services-pvt-ltd-sakinaka-mumbai-contact-address
,BLOND DESIGN PRIVATE LIMITED,Mumbai,"Kitab Mahal, 3rd Floor, Plot No-192 Dadabhai Naoroji Road, Azad Maidan, Fort,Mumbai,Mumbai City,Maharashtra,400001-India",NOT_FOUND,https://qorpiq.com/company/blond-design-private-limited/U74120MH2012PTC232444; https://mycorporateinfo.com/business/blond-design-private-limited; https://www.quickcompany.in/company/blond-design-private-limited; https://zauba.company/company/blond_design_private_limited/U74120MH2012PTC232444; https://www.infoqik.com/company/u74120mh2012ptc232444/blond-design-private-limited.html
