,Company Name (legal entity),City,Address
,SALDANHA REAL ESTATE PRIVATE LIMITED,Mumbai,"SALCETTE CATHOLIC CHS, FLAT NO.1, PLOT NO.29, 56, HILL ROAD, OPP. BATA SHOE SHOP, BAND,RA (WEST),MUMBAI,Mumbai City,Maharashtra,400050-India"
,NTH VENTURE PRIVATE LIMITED,Mumbai,"801/802, Tulsani Chambers, 8 th Floor, Free Press Journal Marg, Nariman Point,, Mumbai,Mumbai,Mumbai City,Maharashtra,400021-India"
,BLUE GARDEN ESTATES PRIVATE LIMITED,Mumbai,"OFFICE NO. 09, FIRST FLOOR, HARMONY MALL NEAR GOREGAON BUS DEPOT, GOREGAON LINK R,OAD,MUMBAI,Mumbai City,Maharashtra,400104-India"
,ART ESTATES PRIVATE LIMITED,Pune,"OFFICE NO10 AGARKAR BHAVANLBS ROAD,PUNE,Pune,Maharashtra,411030-India"
,ARTARNA MULTI TRADING PRIVATE LIMITED,Mumbai,"OFFICE NO E-403,4TH FLOOR,MAHALAXMI SRA CHS LTD PANDURANG BUDHKAR MARG,WORLI,Maharashtra,400030-India"
,WALNUT CONSULTANCY SERVICES PRIVATE LIMITED,Mumbai,"503, Avior, Nirmal Galaxy,Opp Johnson & Johnson, LBS Marg, Mulund West,,MUMBAI,Mumbai City,Maharashtra,400080-India"
,WARP & WEFT ENTERPRISES PRIVATE LIMITED,Mumbai,"Unit No. 1103, Hubtown Viva, Off Western Express Highway, Andheri Eas,t.,MUMBAI,Mumbai City,Maharashtra,400060-India"
,ATULYA VENTURES PRIVATE LIMITED,Mumbai,"322, FLOOR-3, PRABHADEVI INDUSTRIAL ESTATE VEERSAVARKAR MARG, PRABHADEVI,MUMBAI,Mumbai City,Maharashtra,400025-India"
,JAGMA SYSTEM AND SOLUTIONS PRIVATE LIMITED,Mumbai,"FLAT NO. B-303, ZION HERALD A, RAMESHWAR NAGAR, PIPE LINE ROAD, ANANDVALI,,NASHIK,Nashik,Maharashtra,422013-India"
,SCOTBAY ENTERPRISES PRIVATE LIMITED,Mumbai,"404/405 A Wing, Building No.23, Samarth Angan III Off K L Walawalkar Rd Andheri,Mumbai,Mumbai City,Maharashtra,400053-India"
,TRY ACE PRIVATE LIMITED,Mumbai,"B/305, YAMUNA TOWER, JANGID COMPLEX OPP JAMMU KASHMIR BANK, MTNL ROAD, MIRA,ROAD EAST,THANE,Mumbai City,Maharashtra,401107-India"
,CAPRICH CONSULTANCY PRIVATE LIMITED,Mumbai,"Shop No.8, 6829,First Floor, Ashok Plaza Opp. Majestic Theater, M G Road,JALNA,Jalna,Maharashtra,431203-India"
,TECHVIVE SOLUTIONS PRIVATE LIMITED,Mumbai,"Shop no- 01, Ridhi Siddhi Complex, Ridhi BLDG No-1, Nr. Ration SHO,,Vasai Road,Thane,Maharashtra,401208-India"
,SHIMSHON ADVISORY PRIVATE LIMITED,Mumbai,"601, Gayatri CHS LTD. Jayraj Nagar, Vazira Naka, Borivali West,Mumbai,Mumbai City,Maharashtra,400092-India"
,DSPS TECH PLATFORM PRIVATE LIMITED,Mumbai,"1201-1202, 12th Floor, Wing A, One BKC, G Block Plot No. 66, Bandra Kurla Complex, Bandr,a (East),Mumbai,Mumbai City,Maharashtra,400051-India"
,NIVEZA INDIA PRIVATE LIMITED,Pune,"Teerth Technospace Office Teerth2work No. B 104,First Floor Sr. No. 103,,Haveli,Pune,Maharashtra,411045-India"
,NILESH GAIKWAD GROUP PRIVATE LIMITED,Pune,"9 SADASHIV PETH 10/11 KELGA SALES SHASTRI,PUNE,Pune,Maharashtra,411030-India"
,MEGASTEPS INFRAPOWER & MULTITRADING PRIVATE LIMITED,Pune,"OFFICE NO. 1, SN. 57/3, MAYURA VIHAR BLG-Q KOTHRUD,PUNE,Pune,Maharashtra,411029-India"
,AMFLOW EXIM PRIVATE LIMITED,Pune,"Icon Tower Plot No.B of 702, Sr No. 114/5/1 114/6/3115/1/1115/2, Baner Road, Oppos,ite KFC,Pune,Pune,Maharashtra,411045-India"
,PROPHANDY TECHNOLOGIES PRIVATE LIMITED,Pune,"Fiesta flat no B 802 Sr no. 35/2/1/2 Nr Roharsh Motors Baner,PUNE,Pune,Maharashtra,411045-India"
,NARICHANIA CONSULTANCY AND AGENCY PVT LTD,Mumbai,"59 LAXMI INSURANCE BLDGSIR P M ROAD FORT,MUMBAI,Maharashtra,400001-India"
,OM ELECTROTECH SOLUTIONS PRIVATE LIMITED,Pune,"PLOT NO 32 SHRI TULJAI MSEBHOUSING SOC NEAR H T LINE VISHRAMBAG,SANGLI,Maharashtra,416415-India"
,RAHUL PHOTOGRAPHIC COMPANY PRIVATE LIMITED,Mumbai,"206, 2ND FLOOR, INSPIRE HUB, ADANI WESTERN HEIGHT FOUR BGLWS, ANDHERI WEST,MUMBAI,Mumbai City,Maharashtra,400058-India"
,VIDHYA ACCOUNTS CONSULTANTS PRIVATE LIMITED,Mumbai,"B-22 ROHINI SEC-VSRISHTI RESIDENTIAL COMPLEX MIRA ROAD E,DIST-THANE,Maharashtra,401107-India"
,RB DIVERSIFIED PRIVATE LIMITED,Mumbai,"301/401, Aquamarine , Plot number 273 -B Carter Road Bandra West,Mumbai,Bandra Suburban,Maharashtra,400050-India"
,VIVA FACILITY SERVICES PRIVATE LIMITED,Mumbai,"SHOP NO 80, KAWALI COMPOUND, N.M. JOSHI MARG OPP RAILWAY WORKSHOP, LOWER PAREL,,MUMBAI,Maharashtra,400013-India"
,MANGALAM AUTOBUILD PRIVATE LIMITED,Mumbai,"28 & 30, TORNA, OPPOSITE LIFE STYLE CLUB JYOTI NAGAR,AURANGABAD,Maharashtra,431005-India"
,TOPSPIRE ANALYTICAL SERVICES PRIVATE LIMITED,Mumbai,"101, BLDG. NO.3, SIDDHI CO OP HSG SOC. LTD. KAVESAR, OPP VIJAY GARDEN, G.B. ROAD THA,NE (W),THANE,Maharashtra,400615-India"
,KKJ FINANCIAL SERVICES PRIVATE LIMITED,Mumbai,"52 Jalan House,5th Floor, Walkeshwar Road,Mumbai,Maharashtra,400006-India"
,FINCOMM SOLUTIONS PRIVATE LIMITED,Mumbai,"517, THE SUMMIT BUSINESS PARK, M V ROAD,OFF GUNDAVLI VILLAGE, OPP PVR CINEMA, ANDHERI EAST, MUMBAI,Mumbai,Mumbai,Maharashtra,400093-India"
,MANAK BANGLES PRIVATE LIMITED,Mumbai,"GALA NO. 4, BLDG. NO. 4, PIRAMAL INDUSTRIAL ESTATE S. V. ROAD, GOREGAON (WEST),MUMBAI,Maharashtra,400062-India"
,LIBRA DECOR PRIVATE LIMITED,Mumbai,"2F ,Floor-2,Plot -15A,35,Court Chambers,Vitthaldas Thackersey Marg,New Marine Lines,Churchg,ate,,Mumbai,Mumbai City,Maharashtra,400020-India"
,FOXYMORON MEDIA SOLUTIONS PRIVATE LIMITED,Mumbai,"Building G & D-1, Paragon Condominium,Pandurang Budhkar Marg, Worli,,Mumbai,Mumbai,Maharashtra,400013-India"
,IDEAL MOCKUPS PRIVATE LIMITED,Mumbai,"F-9/24 MIDC HINGNA INDUSTRIAL AREA,Nagpur,Nagpur,Maharashtra,440016-India"
,H.JASVANTRAI ENGINEERING PRIVATE LIMITED,Mumbai,"301, SAPHHIRE PLAZA, PLOT NO.20, DADABHAI ROAD, OPP. GOKALIBHAI SCHOOL, VILE PARLE-WEST,MUMBAI,Mumbai City,Maharashtra,400056-India"
,BIG BUSINESS ADVISORS PRIVATE LIMITED,Mumbai,"B 305, SAGAR NAGAR, AMBA MATA ROAD AT AND POST PALGHAR,PALGHAR,Maharashtra,401404-India"
,KIRAN DRUG HOUSE PRIVATE LIMITED,Mumbai,"SHOP NO. 9, KRISHNARAJ HOUSING SOCIETY GOLEY COLONY,NASHIK,Maharashtra,422002-India"
,OAK SUPPORT SERVICES PRIVATE LIMITED,Mumbai,"318, VAISHALI APARTMENTS, 12/14 PAREKH STREET, BEHIND GIRGAON COURT, PRARTHANA SAMAJ,MUMBAI,Mumbai City,Maharashtra,400004-India"
,HUNGAMA DIGITAL SERVICES PRIVATE LIMITED,Mumbai,"6th Floor, Wing A, The ORB Sahar, Village Marol, Andheri (East),Mumbai,Mumbai City,Maharashtra,400099-India"
,RUSTY TRIANGLE FILMS PRIVATE LIMITED,Mumbai,"1301, PALM SPRING COMPLEX, 2/D WING CHS LTD, LINK ROAD, NEAR D-MART, BEHIND CROMA.,MUMBAI,Mumbai City,Maharashtra,400064-India"
,NATIONAL SECURITIES DEPOSITORY LIMITED,Mumbai,"301, 3rd Floor, Naman Chambers, G Block, Plot No- C-32, Bandra Kurla Complex, Bandra East,Mumbai,Mumbai,Maharashtra,400051-India"
,OM SHRI SAI CRANES (INDIA) PRIVATE LIMITED,Mumbai,"A-2001, BIMA COMPLEX, KALAMBOLI STREET MARKET, KALAMBOLI,NAVI MUMBAI,Maharashtra,410218-India"
,AMIT CHOCO INDUSTRIES PRIVATE LIMITED,Mumbai,"125, SHREE GANESH SNEHAL APTS FLAY NO. 203, SHRADDANAD PETH SOUTH AMBA,ZARI ROAD,NAGPUR,Maharashtra,440022-India"
,ROCKSTARZ FILMS PRIVATE LIMITED,Mumbai,"61, 2ND FLOOR, JUHU SUPREME SHOPPING CENTRE, GULMOHAR X ROAD NO. 9, J.V.P.D., JUHU,,MUMBAI,Mumbai City,Maharashtra,400049-India"
,SMITIN MARKETING PRIVATE LIMITED,Mumbai,"4 Adityaman C.H.S., Mahavir road, Kanti Nagar, Andheri East,,Mumbai,Maharashtra,400059-India"
,GALAXY INFONET PRIVATE LIMITED,Mumbai,"Room No.3, Ahire Chawl Ambedkar Nagar, P.L.Lokhande Marg, Chemb,ur,Mumbai,Mumbai City,Maharashtra,400089-India"
,RUSHI HOSPITALITY SERVICES PRIVATE LIMITED,Mumbai,"103,1ST FLOOR, RONIT ARCADE,OPP.TELEPHONE EXCHANGE POISAR, S.V.ROAD, KANDIVALI (W),,MUMBAI,Maharashtra,400057-India"
,OXIONA ENERGY SOLUTIONS (INDIA) PRIVATE LIMITED,Mumbai,"Building No.- 09, Flat No.- 15, SACHIN CHS, MITHAGAR ROAD MULUND (EAST),MUMBAI,Maharashtra,400081-India"
,SAI NET SERVICES PRIVATE LIMITED,Mumbai,"27-28, UPPER FLOOR, BARNAD MARKET, LINK ROAD OPP ASHA KRISHNA BLDG, SAKINAKA,MUMBAI,Maharashtra,400072-India"
,BLOND DESIGN PRIVATE LIMITED,Mumbai,"Kitab Mahal, 3rd Floor, Plot No-192 Dadabhai Naoroji Road, Azad Maidan, Fort,Mumbai,Mumbai City,Maharashtra,400001-India"